{ "eventType" : "string", "objectType" : "string", "objectIdName" : "string", "objectIdValue" : "string", "NumGeos" : "number", "geoList" : [ { "geoAccuracy" : "string", "Airport" : "string", "geoPlannedTime" : "datestring MM/dd/yy HH:mm:ss", "geoActualTime" : "datestring MM/dd/yy HH:mm:ss", "geoName" : "string", "geoShape" : { "type" : "number", "latitude" : "number", "longitude" : "number", "parameters" : [ "number" ] }, "geoCity" : "string", "geoState" : "string", "geoCountry" : "string" } ], "NumContent" : "number", "Content" : [ { "contentName" : "string", "mimeType" : "string", "contentThumb" : "string", "isURI" : "string", "contentValue" : "string" } ], "extrinsic_USAirTravel" : { "flight" : { "FL_Date" : "datestring MM/dd/yy HH:mm:ss", "FL_num" : "string", "Canceled" : "string", "Cancelation_Code" : "string", "Diverted" : "string", "CRS_Elapsed_Time" : "number", "Elapsed_Time" : "number", "Air_Time" : "number", "Distance" : "number" }, "airline" : { "Unique_Carrier" : "string", "Airline_ID" : "string", "Carrier" : "string" } }, "extrinsic_BusRoute" : { "Route_Tag" : "string" }, "extrinsic_GeoTaggedImagery" : { "focalLength" : "string", "exposureTime" : "string", "fNumber" : "string", "ISO" : "string", "imageWidth" : "string", "imageHeight" : "string", "filename" : "string", "gpsLatitudeRef" : "string", "gpsLongitudeRef" : "string", "gpsAltitude" : "string", "gpsTimeStamp" : "datestring HH:mm:ss" } }