[ {"name":"dcbuscsv","parserParams":[{"name":"default-source","value":"webservices.nextbus.com","type":"java.lang.String"},{"name":"default-access-label","value":"UNCLASSIFIED","type":"java.lang.String"},{"name":"stop-on-missing-field","value":"true","type":"boolean"},{"name":"delimiter","value":",","type":"java.lang.String"}],"parser":"CsvParser","inputFields":["Year","Month","Day","Hour","Minutes","Seconds","Lat","Lon","RouteTag","VehicleID"]}, {"name":"geojpg","parserParams":[{"name":"default-source","value":"UNKNOWN","type":"java.lang.String"},{"name":"default-access-label","value":"UNCLASSIFIED","type":"java.lang.String"}],"parser":"EXIFParser","inputFields":[""]}, {"name":"ritacsv","parserParams":[{"name":"default-source","value":"www.transtats.bts.gov","type":"java.lang.String"},{"name":"default-access-label","value":"UNCLASSIFIED","type":"java.lang.String"},{"name":"stop-on-missing-field","value":"true","type":"boolean"},{"name":"delimiter","value":",","type":"java.lang.String"}],"parser":"CsvParser","inputFields":["Year","Month","DayOfMonth","DayOfWeek","FlightDate","UniqueCarrier","AirlineID","Carrier","TailNumber","FlightNumber","OriginCode","OriginCityName","OriginState","DestinationCode","DestinationCityName","DestinationState","CRSDepartureTime","ActualDepartureTime","CRSArrivalTime","ActualArrivalTime","Cancelled","CancellationCode","Diverted","CRSElapsedTime","ActualElapsedTime","AirTime","Distance"]} ]