[ {"override":"false","extractPath":"","order":1,"enrichName":"dimension_table","otherParams":"table=EVENT_TYPE","outputField":"D_eventType","removeInput":"true","inputFields":"eventType"}, {"override":"false","extractPath":"","order":2,"enrichName":"dimension_table","otherParams":"table=OBJECT","outputField":"D_object","removeInput":"true","inputFields":"objectType, objectIdName, objectIdValue"}, {"override":"false","extractPath":"city","order":3,"enrichName":"postal_location","otherParams":"","outputField":"geoList[].geoCity","removeInput":"false","inputFields":"geoList[].geoShape.latitude, geoList[].geoShape.longitude"}, {"override":"false","extractPath":"state","order":4,"enrichName":"postal_location","otherParams":"","outputField":"geoList[].geoState","removeInput":"false","inputFields":"geoList[].geoShape.latitude, geoList[].geoShape.longitude"}, {"override":"false","extractPath":"country","order":5,"enrichName":"postal_location","otherParams":"","outputField":"geoList[].geoCountry","removeInput":"false","inputFields":"geoList[].geoShape.latitude, geoList[].geoShape.longitude"}, {"override":"false","extractPath":"","order":6,"enrichName":"dimension_table","otherParams":"table=CANCELLATION","outputField":"extrinsic_USAirTravel.flight.D_cancelation","removeInput":"true","inputFields":"extrinsic_USAirTravel.flight.Cancelation_Code"}, {"override":"false","extractPath":"","order":7,"enrichName":"dimension_table","otherParams":"table=UNIQUE_CARRIERS","outputField":"extrinsic_USAirTravel.airline.D_Unique_Carrier","removeInput":"true","inputFields":"extrinsic_USAirTravel.airline.Unique_Carrier"}, {"override":"false","extractPath":"","order":8,"enrichName":"dimension_table","otherParams":"table=AIRLINE_ID","outputField":"extrinsic_USAirTravel.airline.D_Airline","removeInput":"true","inputFields":"extrinsic_USAirTravel.airline.Airline_ID"}, {"override":"false","extractPath":"","order":9,"enrichName":"dimension_table","otherParams":"table=UNIQUE_CARRIERS","outputField":"extrinsic_USAirTravel.airline.D_Carrier","removeInput":"true","inputFields":"extrinsic_USAirTravel.airline.Carrier"}, {"override":"false","extractPath":"","order":10,"enrichName":"dimension_table","otherParams":"table=ROUTES","outputField":"extrinsic_BusRoute.D_route","removeInput":"true","inputFields":"extrinsic_BusRoute.Route_Tag"}, {"override":"false","extractPath":"","order":11,"enrichName":"bus_stop","otherParams":"","outputField":"extrinsic_BusRoute.D_stop","removeInput":"false","inputFields":"geoList[].geoShape.latitude, geoList[].geoShape.longitude, extrinsic_BusRoute.Route_Tag"} ]