{ "eventType" : "=Car Picture", "objectType" : "=Image", "objectIdName" : "=Camera", "objectIdValue" : "get(Model, Unknown)", "NumGeos" : "=1", "geoList" : [ { "geoAccuracy" : "=GPS", "geoActualTime" : "convert(Date/Time, yyyy:MM:dd HH:mm:ss, UTC)", "geoName" : "=Picture Location", "geoShape" : { "type" : "=1", "latitude" : "script(convertDegreesToDecimals, GPS Latitude, GPS Latitude Ref)", "longitude" : "script(convertDegreesToDecimals, GPS Longitude, GPS Longitude Ref)" } } ], "NumContent" : "=1", "Content" : [ { "contentName" : "=Picture", "mimeType" : "=image/jpeg", "isURI" : "=TRUE", "contentValue" : "get(URIPath)" } ], "extrinsic_GeoTaggedImagery" : { "focalLength" : "get(Focal Length 35)", "exposureTime" : "get(Exposure Time)", "fNumber" : "get(F-Number)", "ISO" : "get(ISO Speed Ratings)", "imageWidth" : "get(Exif Image Width)", "imageHeight" : "get(Exif Image Height)", "gpsLatitudeRef" : "get(GPS Latitude Ref)", "gpsLongitudeRef" : "get(GPS Longitude Ref)", "gpsAltitude" : "get(GPS Altitude)", "gpsTimeStamp" : "convert(GPS Time-Stamp, HH:mm:ss z, UTC)" } }