{ "eventType" : "=Flight", "objectType" : "=Airplane", "objectIdName" : "=Tail Number", "objectIdValue" : "get(TailNumber, Unknown)", "NumGeos" : "=2", "geoList" : [ { "geoAccuracy" : "=AIRPORT", "Airport" : "get(OriginCode)", "geoPlannedTime" : "convert(FlightDate + CRSDepartureTime, yyyy-MM-dd HHmm)", "geoActualTime" : "convert(FlightDate + ActualDepartureTime, yyyy-MM-dd HHmm)", "geoName" : "=Flight Origin", "geoCity" : "get(OriginCityName)", "geoState" : "get(OriginState)", "geoCountry" : "=USA" }, { "geoAccuracy" : "=AIRPORT", "Airport" : "get(DestinationCode)", "geoPlannedTime" : "convert(FlightDate + CRSArrivalTime, yyyy-MM-dd HHmm)", "geoActualTime" : "convert(FlightDate + ActualArrivalTime, yyyy-MM-dd HHmm)", "geoName" : "=Flight Destination", "geoCity" : "get(DestinationCityName)", "geoState" : "get(DestinationState)", "geoCountry" : "=USA" } ], "NumContent" : "=0", "Content" : [  ], "extrinsic_USAirTravel" : { "flight" : { "FL_Date" : "convert(FlightDate + CRSDepartureTime, yyyy-MM-dd HHmm)", "FL_num" : "get(FlightNumber)", "Canceled" : "get(Cancelled)", "Cancelation_Code" : "get(CancellationCode)", "Diverted" : "get(Diverted)", "CRS_Elapsed_Time" : "get(CRSElapsedTime)", "Elapsed_Time" : "get(ActualElapsedTime)", "Air_Time" : "get(AirTime)", "Distance" : "get(Distance)" }, "airline" : { "Unique_Carrier" : "get(UniqueCarrier)", "Airline_ID" : "get(AirlineID)", "Carrier" : "get(Carrier)" } } }