{ "eventType" : "=Bus Stop", "objectType" : "=Bus", "objectIdName" : "=Vehicle Id", "objectIdValue" : "get(VehicleId, Unknown)", "NumGeos" : "=1", "geoList" : [ { "geoAccuracy" : "=GPS", "geoActualTime" : "convert(Year + Month + Day + Hour + Minutes + Seconds, yyyy MM dd HH mm ss)", "geoName" : "=Bus Location", "geoShape" : { "type" : "=1", "latitude" : "get(Lat)", "longitude" : "get(Lon)" }, "geoCity" : "=Washington DC", "geoState" : "=DC", "geoCountry" : "=USA" } ], "NumContent" : "=0", "Content" : [  ], "extrinsic_BusRoute" : { "Route_Tag" : "get(RouteTag)" } }