[ {"parser":"CsvMetricsParser","name":"CSV_Metrics_Test","parserParams":[{"value":"Metrics","name":"mode","type":"java.lang.String"},{"value":"UNCLASSIFIED","name":"default-access-label","type":"java.lang.String"},{"value":"false","name":"stop-on-missing-field","type":"boolean"},{"value":",","name":"delimiter","type":"java.lang.String"},{"value":"UNKNOWN","name":"default-source","type":"java.lang.String"}],"inputFields":["filename","totalRecordCount","csvParserErrorCount","incorrectFieldToColumnCountErrorCount","nonAsciiErrorCount","emptyFieldErrorCount","recordHeaders","record","errorMessages"]} ]