[ {"name":"NOAA_Public_Alerts_alert","parserParams":[{"name":"stop-on-missing-field","value":"true","type":"boolean"},{"name":"delimiter","value":",","type":"java.lang.String"},{"name":"default-access-label","value":"UNCLASSIFIED","type":"java.lang.String"},{"name":"default-source","value":"Parsed from NOAA Public Alerts","type":"java.lang.String"}],"inputFields":["IDENTIFIER","SENDER","SENT","STATUS","MSGTYPE","SOURCE","SCOPE","RESTRICTION","ADDRESSES","NOTE","REFERENCES","INCIDENTS"],"parser":"CsvParser"} ]