{ "DailyMinMaxTemperature" : { "tableName" : "string", "tableKey" : "string", "start_time" : "string", "end_time" : "string", "latitude" : "number", "longitude" : "number", "min_temp" : "number", "max_temp" : "number" }, "ForcastParameters" : { "tableName" : "string", "tableKey" : "string", "start_time" : "string", "latitude" : "number", "longitude" : "number", "hourly_temp" : "number", "apparent_temp" : "number", "dewpoind_temp" : "number", "wind_direction" : "number", "wind_speed" : "number", "wind_gust" : "number", "sky_cover" : "number", "relative_humidity" : "number" }, "ForcastProbabilities" : { "tableName" : "string", "tableKey" : "string", "start_time" : "string", "end_time" : "string", "latitude" : "number", "longitude" : "number", "tornadoes" : "number", "hail" : "number", "damaging_t_storm_winds" : "number", "extreme_tornadoes" : "number", "extreme_hail" : "number", "extreme_t_storm_winds" : "number" }, "Accumulation" : { "tableName" : "string", "tableKey" : "string", "start_time" : "string", "end_time" : "string", "latitiude" : "number", "longitude" : "number", "ice" : "number", "snow" : "number" } }