{ "DailyMinMaxTemperature" : { "tableName" : "=forecast_temperatures", "tableKey" : "=latitude,longitude,start_time,end_time", "start_time" : "none", "end_time" : "none", "latitude" : "none", "longitude" : "none", "min_temp" : "none", "max_temp" : "none" }, "ForcastParameters" : { "tableName" : "=forecast_parameters", "tableKey" : "=latitude,longitude,start_time", "start_time" : "none", "latitude" : "none", "longitude" : "none", "hourly_temp" : "none", "apparent_temp" : "none", "dewpoind_temp" : "none", "wind_direction" : "none", "wind_speed" : "none", "wind_gust" : "none", "sky_cover" : "none", "relative_humidity" : "none" }, "ForcastProbabilities" : { "tableName" : "=forecast_probabilities", "tableKey" : "=latitude,longitude,start_time,end_time", "start_time" : "none", "end_time" : "none", "latitude" : "none", "longitude" : "none", "tornadoes" : "none", "hail" : "none", "damaging_t_storm_winds" : "none", "extreme_tornadoes" : "none", "extreme_hail" : "none", "extreme_t_storm_winds" : "none" }, "Accumulation" : { "tableName" : "=forecast_accumulation", "tableKey" : "=latitude,longitude,start_time,end_time", "start_time" : "none", "end_time" : "none", "latitiude" : "none", "longitude" : "none", "ice" : "none", "snow" : "none" } }