[ {"name":"NOAA_Forecast_Probabilities","parser":"CsvParser","parserParams":[{"name":"default-access-label","value":"UNCLASSIFIED","type":"java.lang.String"},{"name":"default-source","value":"Parsed from NOAA forecasts","type":"java.lang.String"},{"name":"stop-on-missing-field","value":"true","type":"boolean"},{"name":"delimiter","value":",","type":"java.lang.String"}],"inputFields":["tableName","tableKey","latitude","longitude","tornadoes","hail","damagingTStormWinds","extremeTornadoes","extremeHail","extremeTStormWinds","severeThunderstorms","extremeSevereThunderstorms","startTime","endTime"]} ]