{ "tableName" : "=forecast_probabilities", "tableKey" : "=latitude,longitude,start_time,end_time", "start_time" : "get(startTime)", "end_time" : "get(endTime)", "latitude" : "get(latitude)", "longitude" : "get(longitude)", "tornadoes" : "get(tornadoes)", "hail" : "get(hail)", "damaging_t_storm_winds" : "get(damagingTStormWinds)", "extreme_tornadoes" : "get(extremeTornadoes)", "extreme_hail" : "get(extremeHail)", "extreme_t_storm_winds" : "get(extremeTStormWinds)", "severe_thunderstorms" : "get(severeThunderstorms)", "extreme_severe_thunderstorms" : "get(extremeSevereThunderstorms)" }