[ {"enrichName":"enron_email","otherParams":"enableAirportNameCities=DALLAS;CHICAGO;HOUSTON;MIAMI;NEW YORK, regex=SERVICE\\s*DATE\\s*FROM","override":"false","inputFields":"body.Processed-Body","extractPath":"","outputField":"travelInfo","order":1,"removeInput":"false"}, {"enrichName":"dimension_table","otherParams":"table=RITA_OTP_DATA","override":"true","inputFields":"travelInfo.FLIGHTS[].carrierCode, travelInfo.FLIGHTS[].flightNumber, travelInfo.FLIGHTS[].date","extractPath":"","outputField":"travelInfo.FLIGHTS[].ontimeInfo","order":2,"removeInput":"false"}, {"enrichName":"dimension_table","otherParams":"table=RITA_OTP_SUMMARY","override":"true","inputFields":"travelInfo.FLIGHTS[].carrierCode, travelInfo.FLIGHTS[].year, travelInfo.FLIGHTS[].month","extractPath":"","outputField":"travelInfo.FLIGHTS[].ontimeInfoSummary","order":3,"removeInput":"false"}, {"enrichName":"dimension_table","otherParams":"table=ORIGIN2AIRPORT","override":"false","inputFields":"travelInfo.FLIGHTS[].fromState, travelInfo.FLIGHTS[].fromCity, travelInfo.FLIGHTS[].departAirportSelect","extractPath":"","outputField":"travelInfo.FLIGHTS[].fromAirportDetails","order":4,"removeInput":"false"}, {"enrichName":"dimension_table","otherParams":"table=DEST2AIRPORT","override":"false","inputFields":"travelInfo.FLIGHTS[].toState, travelInfo.FLIGHTS[].toCity, travelInfo.FLIGHTS[].arriveAirportSelect","extractPath":"","outputField":"travelInfo.FLIGHTS[].toAirportDetails","order":5,"removeInput":"false"}, {"enrichName":"dimension_table","otherParams":"table=RITA_FARE_SUMMARY","override":"true","inputFields":"travelInfo.ORIGIN CITY, travelInfo.DESTINATION CITY","extractPath":"","outputField":"travelInfo.FLIGHTS[].fromFareInfo","order":6,"removeInput":"false"}, {"enrichName":"dimension_table","otherParams":"table=RITA_FARE_SUMMARY","override":"true","inputFields":"travelInfo.DESTINATION CITY, travelInfo.ORIGIN CITY","extractPath":"","outputField":"travelInfo.FLIGHTS[].toFareInfo","order":7,"removeInput":"false"} ]