{ "tableName" : "string", "tableKey" : "string", "version" : "string", "credit" : "string", "credit_url" : "string", "img_url" : "string", "img_title" : "string", "img_link" : "string", "suggested_pickup" : "string", "suggested_pickup_period" : "number", "location" : "string", "station_id" : "string", "latitude" : "string", "longitude" : "string", "elevation" : "number", "observation_time" : "string", "observation_time_rfc822" : "datestring E, dd MMM yyyy hh:mm:ss Z", "weather" : "string", "temperature_string" : "string", "temp_f" : "number", "temp_c" : "number", "water_temp_f" : "number", "water_temp_c" : "number", "relative_humidity" : "number", "wind_string" : "string", "wind_dir" : "string", "wind_degrees" : "number", "wind_mph" : "number", "wind_gust_mph" : "number", "wind_kt" : "number", "wind_gust_kt" : "number", "pressure_string" : "string", "pressure_mb" : "number", "pressure_in" : "number", "pressure_tendency_mb" : "number", "pressure_tendency_in" : "number", "dewpoint_string" : "string", "dewpoint_f" : "number", "dewpoint_c" : "number", "heat_index_string" : "string", "heat_index_f" : "number", "heat_index_c" : "number", "windchill_string" : "string", "windchill_f" : "number", "windchill_c" : "number", "visibility_mi" : "number", "wave_height_m" : "number", "wave_height_ft" : "number", "dominant_period_sec" : "number", "average_period_sec" : "number", "mean_wave_dir" : "string", "mean_wave_degrees" : "number", "tide_ft" : "number", "steepness" : "string", "water_column_height" : "number", "surf_height_ft" : "string", "swell_dir" : "string", "swell_degrees" : "number", "swell_period" : "string", "icon_url_base" : "string", "icon_name" : "string", "two_day_history_url" : "string", "icon_url_name" : "string", "ob_url" : "string", "disclaimer_url" : "string", "copyright_url" : "string", "privacy_policy_url" : "string" }