[ {"name":"noaa_xml_current_observation","parser":"XMLParser","parserParams":[{"name":"record-tag","value":"current_observation","type":"java.lang.String"},{"name":"default-source","value":"NOAA Current Observation","type":"java.lang.String"},{"name":"suffix-path-depth","value":"0","type":"int"},{"name":"default-access-label","value":"UNCLASSIFIED","type":"java.lang.String"},{"name":"field-handling-error-policy","value":"DISCARD_AND_IGNORE","type":"java.lang.String"},{"name":"header-tag","value":"","type":"java.lang.String"}],"inputFields":["/current_observation/@version","/current_observation/credit","/current_observation/credit_URL","/current_observation/image/url","/current_observation/observation_time","/current_observation/elevation","/current_observation/longitude","/current_observation/latitude","/current_observation/station_id","/current_observation/location","/current_observation/suggested_pickup_period","/current_observation/suggested_pickup","/current_observation/image/link","/current_observation/image/title","/current_observation/observation_time_rfc822","/current_observation/weather","/current_observation/temperature_string","/current_observation/temp_f","/current_observation/temp_c","/current_observation/water_temp_f","/current_observation/water_temp_c","/current_observation/relative_humidity","/current_observation/wind_string","/current_observation/wind_dir","/current_observation/wind_degrees","/current_observation/wind_mph","/current_observation/wind_gust_mph","/current_observation/wind_kt","/current_observation/wind_gust_kt","/current_observation/pressure_string","/current_observation/pressure_mb","/current_observation/pressure_in","/current_observation/pressure_tendency_mb","/current_observation/pressure_tendency_in","/current_observation/dewpoint_string","/current_observation/dewpoint_f","/current_observation/dewpoint_c","/current_observation/heat_index_string","/current_observation/heat_index_f","/current_observation/heat_index_c","/current_observation/windchill_string","/current_observation/windchill_f","/current_observation/windchill_c","/current_observation/visibility_mi","/current_observation/wave_height_m","/current_observation/wave_height_ft","/current_observation/dominant_period_sec","/current_observation/average_period_sec","/current_observation/mean_wave_dir","/current_observation/mean_wave_degrees","/current_observation/tide_ft","/current_observation/steepness","/current_observation/water_column_height","/current_observation/surf_height_ft","/current_observation/swell_dir","/current_observation/swell_degrees","/current_observation/swell_period","/current_observation/icon_url_base","/current_observation/icon_name","/current_observation/two_day_history_url","/current_observation/icon_url_name","/current_observation/ob_url","/current_observation/disclaimer_url","/current_observation/copyright_url","/current_observation/privacy_policy_url"]} ]