{ "tableName" : "=current_observations", "tableKey" : "=station_id", "version" : "get(/current_observation/@version)", "credit" : "get(/current_observation/credit)", "credit_url" : "get(/current_observation/credit_URL)", "img_url" : "get(/current_observation/image/url)", "img_title" : "get(/current_observation/image/title)", "img_link" : "get(/current_observation/image/link)", "suggested_pickup" : "get(/current_observation/suggested_pickup)", "suggested_pickup_period" : "get(/current_observation/suggested_pickup_period)", "location" : "get(/current_observation/location)", "station_id" : "get(/current_observation/station_id)", "latitude" : "get(/current_observation/latitude)", "longitude" : "get(/current_observation/longitude)", "elevation" : "get(/current_observation/elevation)", "observation_time" : "get(/current_observation/observation_time)", "observation_time_rfc822" : "get(/current_observation/observation_time_rfc822)", "weather" : "get(/current_observation/weather)", "temperature_string" : "get(/current_observation/temperature_string)", "temp_f" : "get(/current_observation/temp_f)", "temp_c" : "get(/current_observation/temp_c)", "water_temp_f" : "get(/current_observation/water_temp_f)", "water_temp_c" : "get(/current_observation/water_temp_c)", "relative_humidity" : "get(/current_observation/relative_humidity)", "wind_string" : "get(/current_observation/wind_string)", "wind_dir" : "get(/current_observation/wind_dir)", "wind_degrees" : "get(/current_observation/wind_degrees)", "wind_mph" : "get(/current_observation/wind_mph)", "wind_gust_mph" : "get(/current_observation/wind_gust_mph)", "wind_kt" : "get(/current_observation/wind_kt)", "wind_gust_kt" : "get(/current_observation/wind_gust_kt)", "pressure_string" : "get(/current_observation/pressure_string)", "pressure_mb" : "get(/current_observation/pressure_mb)", "pressure_in" : "get(/current_observation/pressure_in)", "pressure_tendency_mb" : "get(/current_observation/pressure_tendency_mb)", "pressure_tendency_in" : "get(/current_observation/pressure_tendency_in)", "dewpoint_string" : "get(/current_observation/dewpoint_string)", "dewpoint_f" : "get(/current_observation/dewpoint_f)", "dewpoint_c" : "get(/current_observation/dewpoint_c)", "heat_index_string" : "get(/current_observation/heat_index_string)", "heat_index_f" : "get(/current_observation/heat_index_f)", "heat_index_c" : "get(/current_observation/heat_index_c)", "windchill_string" : "get(/current_observation/windchill_string)", "windchill_f" : "get(/current_observation/windchill_f)", "windchill_c" : "get(/current_observation/windchill_c)", "visibility_mi" : "get(/current_observation/visibility_mi)", "wave_height_m" : "get(/current_observation/wave_height_m)", "wave_height_ft" : "get(/current_observation/wave_height_ft)", "dominant_period_sec" : "get(/current_observation/dominant_period_sec)", "average_period_sec" : "get(/current_observation/average_period_sec)", "mean_wave_dir" : "get(/current_observation/mean_wave_dir)", "mean_wave_degrees" : "get(/current_observation/mean_wave_degrees)", "tide_ft" : "get(/current_observation/tide_ft)", "steepness" : "get(/current_observation/steepness)", "water_column_height" : "get(/current_observation/water_column_height)", "surf_height_ft" : "get(/current_observation/surf_height_ft)", "swell_dir" : "get(/current_observation/swell_dir)", "swell_degrees" : "get(/current_observation/swell_degrees)", "swell_period" : "get(/current_observation/swell_period)", "icon_url_base" : "get(/current_observation/icon_url_base)", "icon_name" : "get(/current_observation/icon_name)", "two_day_history_url" : "get(/current_observation/two_day_history_url)", "icon_url_name" : "get(/current_observation/icon_url_name)", "ob_url" : "get(/current_observation/ob_url)", "disclaimer_url" : "get(/current_observation/disclaimer_url)", "copyright_url" : "get(/current_observation/copyright_url)", "privacy_policy_url" : "get(/current_observation/privacy_policy_url)" }