[ {"name":"BaseballReferenceStats","inputFields":["Date","TeamShort","PlayerNumber","AtBats","Hits","Runs","RBI","Strikeouts","Walks","HomeRuns","Team","Player","Number"],"parser":"CsvParser","parserParams":[{"name":"delimiter","value":",","type":"java.lang.String"},{"name":"default-source","value":"http://www.baseball-reference.com","type":"java.lang.String"},{"name":"default-access-label","value":"UNCLASSIFIED","type":"java.lang.String"},{"name":"stop-on-missing-field","value":"true","type":"boolean"}]} ]