[ {"name":"NOAA_Public_Alerts_info","parserParams":[{"name":"stop-on-missing-field","value":"true","type":"boolean"},{"name":"delimiter","value":",","type":"java.lang.String"},{"name":"default-access-label","value":"UNCLASSIFIED","type":"java.lang.String"},{"name":"default-source","value":"Info from NOAA Public Alert","type":"java.lang.String"}],"inputFields":["INFO_ID","LANGUAGE","EVENT","URGENCY","SEVERITY","CERTAINTY","AUDIENCE","EFFECTIVE","ONSET","EXPIRES","SENDERNAME","HEADLINE","DESCRIPTION","INSTRUCTION","WEB","CONTACT","ALERT_ID"],"parser":"CsvParser"} ]