[ {"name":"tpchxml","parser":"XMLParser","inputFields":["OrderKey","OrderStatus","OrderPrice","OrderDate","OrderPriority","Clerk","ShipPriority","OrderComment","LineNumber","Quantity","ExtendedPrice","Discount","Tax","ReturnFlag","LineStatus","ShipDate","CommitDate","ReceiptDate","ShipInstructions","ShipMode","LineItemComment","CustomerName","CustomerNation","PartName","PartMfgr","PartType","SupplierName","SupplierNation"],"parserParams":[{"name":"header-tag","value":"","type":"java.lang.String"},{"name":"default-source","value":"UNKNOWN","type":"java.lang.String"},{"name":"field-handling-error-policy","value":"DISCARD_AND_LOG","type":"java.lang.String"},{"name":"default-access-label","value":"UNCLASSIFIED","type":"java.lang.String"},{"name":"record-tag","value":"","type":"java.lang.String"},{"name":"suffix-path-depth","value":"0","type":"int"}]}, {"name":"tpchjson","parser":"JSONParser","inputFields":["LineNumber","LineStatus","LineItemComment","OrderKey","Clerk","OrderStatus","OrderPrice","Quantity","ExtendedPrice","Discount","Tax","OrderDate","OrderPriority","OrderComment","ShipPriority","ShipInstructions","ShipMode","ShipDate","CommitDate","ReceiptDate","ReturnFlag","CustomerName","CustomerNation","PartName","PartMfgr","PartType","SupplierName","SupplierNation"],"parserParams":[{"name":"default-source","value":"UNKNOWN","type":"java.lang.String"},{"name":"default-access-label","value":"UNCLASSIFIED","type":"java.lang.String"}]}, {"name":"tpchcsv","parser":"CsvParser","inputFields":["LineNumber","LineStatus","LineItemComment","OrderKey","Clerk","OrderStatus","OrderPrice","Quantity","ExtendedPrice","Discount","Tax","OrderDate","OrderPriority","OrderComment","ShipPriority","ShipInstructions","ShipMode","ShipDate","CommitDate","ReceiptDate","ReturnFlag","CustomerName","CustomerNation","PartName","PartMfgr","PartType","SupplierName","SupplierNation"],"parserParams":[{"name":"stop-on-missing-field","value":"true","type":"boolean"},{"name":"delimiter","value":"|","type":"java.lang.String"},{"name":"default-source","value":"UNKNOWN","type":"java.lang.String"},{"name":"default-access-label","value":"UNCLASSIFIED","type":"java.lang.String"}]} ]