[ {"removeInput":"true","inputFields":"order.orderStatus, order.orderPriority","override":"false","outputField":"order.D_orderInfo","extractPath":"","order":1,"otherParams":"table=ORDER_INFO","enrichName":"dimension_table"}, {"removeInput":"true","inputFields":"ship.shipPriority, ship.shipInstructions, ship.shipMode","override":"false","outputField":"ship.D_shipInfo","extractPath":"","order":2,"otherParams":"table=SHIPMENT_INFO","enrichName":"dimension_table"}, {"removeInput":"true","inputFields":"customer.customerName","override":"false","outputField":"customer.D_customer","extractPath":"","order":3,"otherParams":"table=CUSTOMER","enrichName":"dimension_table"}, {"removeInput":"true","inputFields":"customer.customerNation","override":"false","outputField":"customer.D_customerNation","extractPath":"","order":4,"otherParams":"table=NATION","enrichName":"dimension_table"}, {"removeInput":"true","inputFields":"part.partName","override":"false","outputField":"part.D_part","extractPath":"","order":5,"otherParams":"table=PART","enrichName":"dimension_table"}, {"removeInput":"true","inputFields":"supplier.supplierName","override":"false","outputField":"supplier.D_supplierName","extractPath":"","order":6,"otherParams":"table=SUPPLIER","enrichName":"dimension_table"}, {"removeInput":"true","inputFields":"supplier.supplierNation","override":"false","outputField":"supplier.D_supplierNation","extractPath":"","order":7,"otherParams":"table=NATION","enrichName":"dimension_table"} ]