[ {"name":"NOAA_Forecast_Parameters","parserParams":[{"name":"default-source","value":"UNKNOWN","type":"java.lang.String"},{"name":"default-access-label","value":"UNCLASSIFIED","type":"java.lang.String"},{"name":"delimiter","value":",","type":"java.lang.String"},{"name":"stop-on-missing-field","value":"true","type":"boolean"}],"parser":"CsvParser","inputFields":["startTime","latitude","longitude","hourlyTemp","apparentTemp","dewPointTemp","windDirection","windSpeed","windGust","skyCover","relativeHumidity"]} ]